[{"id":"898addfc-aa2d-4d05-b7f2-ff258e09035c","user_email":"f1c+84864183@careactive.ai","collector_id":"P490201252830","device_id":"4C126812","device_name":"g3mr-samson:TPU","device_mac":"80:6F:B0:7B:93:0E","scanned_at_ms":1744849666582,"scanned_at_utc":"2025-04-17T00:27:46Z","ttl":1745022468,"data_type":2,"payload":{"pedometer":[96],"sender_id":"71B1657E-1881-47C6-B097-D0E044742C5B","t_mark_day":107,"t_mark_rnd":117},"created_at":1744849668166},{"id":"df238e8c-7690-46b6-ac8c-7e87ababe887","user_email":"f1c+84864183@careactive.ai","collector_id":"P490201252830","device_id":"4C126812","device_name":"g3mr-samson:TPU","device_mac":"80:6F:B0:7B:93:0E","scanned_at_ms":1744850091000,"scanned_at_utc":"2025-04-17T00:34:51Z","ttl":1745022891,"data_type":2,"payload":{"pedometer":[96,5544,6834],"sender_id":"T4-744DBD2A4C34","t_mark_day":107,"t_mark_rnd":117},"created_at":1744850091788},{"id":"a33141fb-c440-43e7-a816-5e8bf4362fc4","user_email":"f1c+84864183@careactive.ai","collector_id":"P490201252830","device_id":"4C126812","device_name":"g3mr-samson:TPU","device_mac":"80:6F:B0:7B:93:0E","scanned_at_ms":1744854595070,"scanned_at_utc":"2025-04-17T01:49:55Z","ttl":1745027397,"data_type":2,"payload":{"pedometer":[117],"sender_id":"71B1657E-1881-47C6-B097-D0E044742C5B","t_mark_day":107,"t_mark_rnd":117},"created_at":1744854597567},{"id":"d07bbc5c-7cac-45e9-9701-23c85f0b5841","user_email":"f1c+84864183@careactive.ai","collector_id":"P490201252830","device_id":"4C126812","device_name":"g3mr-samson:TPU","device_mac":"80:6F:B0:7B:93:0E","scanned_at_ms":1744855111000,"scanned_at_utc":"2025-04-17T01:58:31Z","ttl":1745027912,"data_type":2,"payload":{"pedometer":[117,5544,6834],"sender_id":"T4-744DBD2A4C20","t_mark_day":107,"t_mark_rnd":117},"created_at":1744855112292},{"id":"b9ca874f-5b8b-48a3-9156-a2289a1c1c7a","user_email":"f1c+84864183@careactive.ai","collector_id":"P490201252830","device_id":"4C126812","device_name":"g3mr-samson:TPU","device_mac":"80:6F:B0:7B:93:0E","scanned_at_ms":1744856784000,"scanned_at_utc":"2025-04-17T02:26:24Z","ttl":1745029585,"data_type":2,"payload":{"pedometer":[682,5544,6834],"sender_id":"T4-744DBD2A4C00","t_mark_day":107,"t_mark_rnd":117},"created_at":1744856785748},{"id":"44b01a9b-a457-493a-941b-52d61e510da0","user_email":"f1c+84864183@careactive.ai","collector_id":"P490201252830","device_id":"4C126812","device_name":"g3mr-samson:TPU","device_mac":"80:6F:B0:7B:93:0E","scanned_at_ms":1744857683949,"scanned_at_utc":"2025-04-17T02:41:23Z","ttl":1745030485,"data_type":2,"payload":{"pedometer":[1057],"sender_id":"71B1657E-1881-47C6-B097-D0E044742C5B","t_mark_day":107,"t_mark_rnd":117},"created_at":1744857685569},{"id":"dddfb59e-407a-4d25-8889-c6b616b4f886","user_email":"f1c+84864183@careactive.ai","collector_id":"P490201252830","device_id":"4C126812","device_name":"g3mr-samson:TPU","device_mac":"80:6F:B0:7B:93:0E","scanned_at_ms":1744858458000,"scanned_at_utc":"2025-04-17T02:54:18Z","ttl":1745031258,"data_type":2,"payload":{"pedometer":[1057,5544,6834],"sender_id":"T4-744DBD2A4C34","t_mark_day":107,"t_mark_rnd":117},"created_at":1744858458891},{"id":"79f235c6-8216-4dbd-8f6d-529a7c27a744","user_email":"f1c+84864183@careactive.ai","collector_id":"P490201252830","device_id":"4C126812","device_name":"g3mr-samson:TPU","device_mac":"80:6F:B0:7B:93:0E","scanned_at_ms":1744862610000,"scanned_at_utc":"2025-04-17T04:03:30Z","ttl":1745035413,"data_type":2,"payload":{"pedometer":[1092],"sender_id":"71B1657E-1881-47C6-B097-D0E044742C5B","t_mark_day":107,"t_mark_rnd":117},"created_at":1744862613515},{"id":"ab0b7d28-b093-4428-8808-e4dff65d87ea","user_email":"f1c+84864183@careactive.ai","collector_id":"P490201252830","device_id":"4C126812","device_name":"g3mr-samson:TPU","device_mac":"80:6F:B0:7B:93:0E","scanned_at_ms":1744863479000,"scanned_at_utc":"2025-04-17T04:17:59Z","ttl":1745036279,"data_type":2,"payload":{"pedometer":[1092,5544,6834],"sender_id":"T4-744DBD2A4C34","t_mark_day":107,"t_mark_rnd":117},"created_at":1744863479984},{"id":"7f08f4f2-3926-4773-8a9c-1d2395dc5f5b","user_email":"f1c+84864183@careactive.ai","collector_id":"P490201252830","device_id":"4C126812","device_name":"g3mr-samson:TPU","device_mac":"80:6F:B0:7B:93:0E","scanned_at_ms":1744864458870,"scanned_at_utc":"2025-04-17T04:34:18Z","ttl":1745037262,"data_type":2,"payload":{"pedometer":[1156],"sender_id":"71B1657E-1881-47C6-B097-D0E044742C5B","t_mark_day":107,"t_mark_rnd":117},"created_at":1744864462440},{"id":"701d3abc-ffdd-4288-9171-065dd792689d","user_email":"f1c+84864183@careactive.ai","collector_id":"P490201252830","device_id":"4C126812","device_name":"g3mr-samson:TPU","device_mac":"80:6F:B0:7B:93:0E","scanned_at_ms":1744865152000,"scanned_at_utc":"2025-04-17T04:45:52Z","ttl":1745037953,"data_type":2,"payload":{"pedometer":[1156,5544,6834],"sender_id":"T4-744DBD2A4C34","t_mark_day":107,"t_mark_rnd":117},"created_at":1744865153959},{"id":"98b4f243-3f46-4a73-9d1d-5670ba25ede6","user_email":"f1c+84864183@careactive.ai","collector_id":"P490201252830","device_id":"4C126812","device_name":"g3mr-samson:TPU","device_mac":"80:6F:B0:7B:93:0E","scanned_at_ms":1744866826000,"scanned_at_utc":"2025-04-17T05:13:46Z","ttl":1745039626,"data_type":2,"payload":{"pedometer":[1174,5544,6834],"sender_id":"T4-744DBD2A4C0C","t_mark_day":107,"t_mark_rnd":117},"created_at":1744866826940},{"id":"10b18f2a-903d-4880-8f78-534757af46a1","user_email":"f1c+84864183@careactive.ai","collector_id":"P490201252830","device_id":"4C126812","device_name":"g3mr-samson:TPU","device_mac":"80:6F:B0:7B:93:0E","scanned_at_ms":1744866918256,"scanned_at_utc":"2025-04-17T05:15:18Z","ttl":1745039723,"data_type":2,"payload":{"pedometer":[1174],"sender_id":"71B1657E-1881-47C6-B097-D0E044742C5B","t_mark_day":107,"t_mark_rnd":117},"created_at":1744866923223},{"id":"4de2024d-ab28-4e31-880c-7f840946ea06","user_email":"f1c+84864183@careactive.ai","collector_id":"P490201252830","device_id":"4C126812","device_name":"g3mr-samson:TPU","device_mac":"80:6F:B0:7B:93:0E","scanned_at_ms":1744867533986,"scanned_at_utc":"2025-04-17T05:25:33Z","ttl":1745040339,"data_type":2,"payload":{"pedometer":[1335],"sender_id":"71B1657E-1881-47C6-B097-D0E044742C5B","t_mark_day":107,"t_mark_rnd":117},"created_at":1744867539673},{"id":"42f79048-5b95-477f-ae0d-932f22b41643","user_email":"f1c+84864183@careactive.ai","collector_id":"P490201252830","device_id":"4C126812","device_name":"g3mr-samson:TPU","device_mac":"80:6F:B0:7B:93:0E","scanned_at_ms":1744868499000,"scanned_at_utc":"2025-04-17T05:41:39Z","ttl":1745041300,"data_type":2,"payload":{"pedometer":[1539,5544,6834],"sender_id":"T4-744DBD2A4BE4","t_mark_day":107,"t_mark_rnd":117},"created_at":1744868500011},{"id":"90c388eb-cb15-45d7-a18d-b5d2f63c2c9b","user_email":"f1c+84864183@careactive.ai","collector_id":"P490201252830","device_id":"4C126812","device_name":"g3mr-samson:TPU","device_mac":"80:6F:B0:7B:93:0E","scanned_at_ms":1744868769779,"scanned_at_utc":"2025-04-17T05:46:09Z","ttl":1745041571,"data_type":2,"payload":{"pedometer":[1811],"sender_id":"71B1657E-1881-47C6-B097-D0E044742C5B","t_mark_day":107,"t_mark_rnd":117},"created_at":1744868771052},{"id":"db1c52e4-ce3d-40bc-b1b5-715eddbf67ad","user_email":"f1c+84864183@careactive.ai","collector_id":"P490201252830","device_id":"4C126812","device_name":"g3mr-samson:TPU","device_mac":"80:6F:B0:7B:93:0E","scanned_at_ms":1744869386796,"scanned_at_utc":"2025-04-17T05:56:26Z","ttl":1745042188,"data_type":2,"payload":{"pedometer":[1914],"sender_id":"71B1657E-1881-47C6-B097-D0E044742C5B","t_mark_day":107,"t_mark_rnd":117},"created_at":1744869388390},{"id":"76f60045-72d2-4868-a662-b30cd932d42d","user_email":"f1c+84864183@careactive.ai","collector_id":"P490201252830","device_id":"4C126812","device_name":"g3mr-samson:TPU","device_mac":"80:6F:B0:7B:93:0E","scanned_at_ms":1744870172000,"scanned_at_utc":"2025-04-17T06:09:32Z","ttl":1745042973,"data_type":2,"payload":{"pedometer":[2022,5544,6834],"sender_id":"T4-744DBD2A40BC","t_mark_day":107,"t_mark_rnd":117},"created_at":1744870173740},{"id":"c02435b6-eb87-49fb-9886-587aec70ebc3","user_email":"f1c+84864183@careactive.ai","collector_id":"P490201252830","device_id":"4C126812","device_name":"g3mr-samson:TPU","device_mac":"80:6F:B0:7B:93:0E","scanned_at_ms":1744870617033,"scanned_at_utc":"2025-04-17T06:16:57Z","ttl":1745043418,"data_type":2,"payload":{"pedometer":[2160],"sender_id":"71B1657E-1881-47C6-B097-D0E044742C5B","t_mark_day":107,"t_mark_rnd":117},"created_at":1744870618167},{"id":"9ebae8ca-3324-4593-85a7-cc59fd873292","user_email":"f1c+84864183@careactive.ai","collector_id":"P490201252830","device_id":"4C126812","device_name":"g3mr-samson:TPU","device_mac":"80:6F:B0:7B:93:0E","scanned_at_ms":1744871232760,"scanned_at_utc":"2025-04-17T06:27:12Z","ttl":1745044033,"data_type":2,"payload":{"pedometer":[2285],"sender_id":"71B1657E-1881-47C6-B097-D0E044742C5B","t_mark_day":107,"t_mark_rnd":117},"created_at":1744871233709},{"id":"989d1f83-3b14-4762-887d-966a0ac86ab9","user_email":"f1c+84864183@careactive.ai","collector_id":"P490201252830","device_id":"4C126812","device_name":"g3mr-samson:TPU","device_mac":"80:6F:B0:7B:93:0E","scanned_at_ms":1744871845000,"scanned_at_utc":"2025-04-17T06:37:25Z","ttl":1745044646,"data_type":2,"payload":{"pedometer":[2285,5544,6834],"sender_id":"T4-744DBD2A4BE4","t_mark_day":107,"t_mark_rnd":117},"created_at":1744871846278},{"id":"51595746-f87a-4aae-9a9f-4cef0ab2de8b","user_email":"f1c+84864183@careactive.ai","collector_id":"P490201252830","device_id":"4C126812","device_name":"g3mr-samson:TPU","device_mac":"80:6F:B0:7B:93:0E","scanned_at_ms":1744873096390,"scanned_at_utc":"2025-04-17T06:58:16Z","ttl":1745045898,"data_type":2,"payload":{"pedometer":[2625],"sender_id":"71B1657E-1881-47C6-B097-D0E044742C5B","t_mark_day":107,"t_mark_rnd":117},"created_at":1744873098025},{"id":"55aaba00-7ca7-4532-844d-0e84b62cce30","user_email":"f1c+84864183@careactive.ai","collector_id":"P490201252830","device_id":"4C126812","device_name":"g3mr-samson:TPU","device_mac":"80:6F:B0:7B:93:0E","scanned_at_ms":1744873520000,"scanned_at_utc":"2025-04-17T07:05:20Z","ttl":1745046322,"data_type":2,"payload":{"pedometer":[2679,5544,6834],"sender_id":"T4-744DBD2A4C20","t_mark_day":107,"t_mark_rnd":117},"created_at":1744873522027},{"id":"fd07c4ec-e4b3-4dda-8c74-104a4d29a424","user_email":"f1c+84864183@careactive.ai","collector_id":"P490201252830","device_id":"4C126812","device_name":"g3mr-samson:TPU","device_mac":"80:6F:B0:7B:93:0E","scanned_at_ms":1744874335962,"scanned_at_utc":"2025-04-17T07:18:55Z","ttl":1745047137,"data_type":2,"payload":{"pedometer":[2679],"sender_id":"71B1657E-1881-47C6-B097-D0E044742C5B","t_mark_day":107,"t_mark_rnd":117},"created_at":1744874337354},{"id":"ac45817a-270f-48eb-b8a2-2c5007da3739","user_email":"f1c+84864183@careactive.ai","collector_id":"P490201252830","device_id":"4C126812","device_name":"g3mr-samson:TPU","device_mac":"80:6F:B0:7B:93:0E","scanned_at_ms":1744878538000,"scanned_at_utc":"2025-04-17T08:28:58Z","ttl":1745051339,"data_type":2,"payload":{"pedometer":[2693,5544,6834],"sender_id":"T4-744DBD2A4C20","t_mark_day":107,"t_mark_rnd":117},"created_at":1744878539585},{"id":"4bdb9401-e7f0-41a1-b48a-845cde00bb7d","user_email":"f1c+84864183@careactive.ai","collector_id":"P490201252830","device_id":"4C126812","device_name":"g3mr-samson:TPU","device_mac":"80:6F:B0:7B:93:0E","scanned_at_ms":1744879256272,"scanned_at_utc":"2025-04-17T08:40:56Z","ttl":1745052057,"data_type":2,"payload":{"pedometer":[2776],"sender_id":"71B1657E-1881-47C6-B097-D0E044742C5B","t_mark_day":107,"t_mark_rnd":117},"created_at":1744879257776},{"id":"966074ee-167f-4e45-bd3d-d2f8b3e0fc9b","user_email":"f1c+84864183@careactive.ai","collector_id":"P490201252830","device_id":"4C126812","device_name":"g3mr-samson:TPU","device_mac":"80:6F:B0:7B:93:0E","scanned_at_ms":1744880212000,"scanned_at_utc":"2025-04-17T08:56:52Z","ttl":1745053013,"data_type":2,"payload":{"pedometer":[2801,5544,6834],"sender_id":"T4-744DBD2A4C34","t_mark_day":107,"t_mark_rnd":117},"created_at":1744880213285},{"id":"03a657ad-263b-4e64-86d1-44467b12c875","user_email":"f1c+84864183@careactive.ai","collector_id":"P490201252830","device_id":"4C126812","device_name":"g3mr-samson:TPU","device_mac":"80:6F:B0:7B:93:0E","scanned_at_ms":1744881098545,"scanned_at_utc":"2025-04-17T09:11:38Z","ttl":1745053900,"data_type":2,"payload":{"pedometer":[3148],"sender_id":"71B1657E-1881-47C6-B097-D0E044742C5B","t_mark_day":107,"t_mark_rnd":117},"created_at":1744881100037},{"id":"0cd74b41-ee3a-47cc-9b1f-69fc7846a1da","user_email":"f1c+84864183@careactive.ai","collector_id":"P490201252830","device_id":"4C126812","device_name":"g3mr-samson:TPU","device_mac":"80:6F:B0:7B:93:0E","scanned_at_ms":1744881721277,"scanned_at_utc":"2025-04-17T09:22:01Z","ttl":1745054523,"data_type":2,"payload":{"pedometer":[3439],"sender_id":"71B1657E-1881-47C6-B097-D0E044742C5B","t_mark_day":107,"t_mark_rnd":117},"created_at":1744881723047},{"id":"1398a11c-7458-4ea7-a720-2e2611b39260","user_email":"f1c+84864183@careactive.ai","collector_id":"P490201252830","device_id":"4C126812","device_name":"g3mr-samson:TPU","device_mac":"80:6F:B0:7B:93:0E","scanned_at_ms":1744881887000,"scanned_at_utc":"2025-04-17T09:24:47Z","ttl":1745054688,"data_type":2,"payload":{"pedometer":[3497,5544,6834],"sender_id":"T4-744DBD2A4BE4","t_mark_day":107,"t_mark_rnd":117},"created_at":1744881888866},{"id":"76b4e2c0-1f3f-4210-a9f9-13c9af634629","user_email":"f1c+84864183@careactive.ai","collector_id":"P490201252830","device_id":"4C126812","device_name":"g3mr-samson:TPU","device_mac":"80:6F:B0:7B:93:0E","scanned_at_ms":1744882336956,"scanned_at_utc":"2025-04-17T09:32:16Z","ttl":1745055138,"data_type":2,"payload":{"pedometer":[3730],"sender_id":"71B1657E-1881-47C6-B097-D0E044742C5B","t_mark_day":107,"t_mark_rnd":117},"created_at":1744882338484},{"id":"20fa7e42-b472-4d41-9b42-2cc3e4f26d1c","user_email":"f1c+84864183@careactive.ai","collector_id":"P490201252830","device_id":"4C126812","device_name":"g3mr-samson:TPU","device_mac":"80:6F:B0:7B:93:0E","scanned_at_ms":1744882956712,"scanned_at_utc":"2025-04-17T09:42:36Z","ttl":1745055758,"data_type":2,"payload":{"pedometer":[3956],"sender_id":"71B1657E-1881-47C6-B097-D0E044742C5B","t_mark_day":107,"t_mark_rnd":117},"created_at":1744882958522},{"id":"d1f7aa1d-28c7-4d99-9146-2d3be5a9ce04","user_email":"f1c+84864183@careactive.ai","collector_id":"P490201252830","device_id":"4C126812","device_name":"g3mr-samson:TPU","device_mac":"80:6F:B0:7B:93:0E","scanned_at_ms":1744883560000,"scanned_at_utc":"2025-04-17T09:52:40Z","ttl":1745056361,"data_type":2,"payload":{"pedometer":[4301,5544,6834],"sender_id":"T4-2462ABC02780","t_mark_day":107,"t_mark_rnd":117},"created_at":1744883561401},{"id":"363e3fee-669d-43e1-a76c-47abe35d5fc6","user_email":"f1c+84864183@careactive.ai","collector_id":"P490201252830","device_id":"4C126812","device_name":"g3mr-samson:TPU","device_mac":"80:6F:B0:7B:93:0E","scanned_at_ms":1744883573621,"scanned_at_utc":"2025-04-17T09:52:53Z","ttl":1745056375,"data_type":2,"payload":{"pedometer":[4301],"sender_id":"71B1657E-1881-47C6-B097-D0E044742C5B","t_mark_day":107,"t_mark_rnd":117},"created_at":1744883575033},{"id":"0d4c248a-5ea4-455c-9c19-f526953572f7","user_email":"f1c+84864183@careactive.ai","collector_id":"P490201252830","device_id":"4C126812","device_name":"g3mr-samson:TPU","device_mac":"80:6F:B0:7B:93:0E","scanned_at_ms":1744884197664,"scanned_at_utc":"2025-04-17T10:03:17Z","ttl":1745056999,"data_type":2,"payload":{"pedometer":[4570],"sender_id":"71B1657E-1881-47C6-B097-D0E044742C5B","t_mark_day":107,"t_mark_rnd":117},"created_at":1744884199179},{"id":"c3b1d2f2-4a95-4f5d-80fd-534d3c87c704","user_email":"f1c+84864183@careactive.ai","collector_id":"P490201252830","device_id":"4C126812","device_name":"g3mr-samson:TPU","device_mac":"80:6F:B0:7B:93:0E","scanned_at_ms":1744885231000,"scanned_at_utc":"2025-04-17T10:20:31Z","ttl":1745058033,"data_type":2,"payload":{"pedometer":[4570,5544,6834],"sender_id":"T4-744DBD2A4C20","t_mark_day":107,"t_mark_rnd":117},"created_at":1744885233316},{"id":"f3363de8-91ad-4827-a106-8a254d8dc3fe","user_email":"f1c+84864183@careactive.ai","collector_id":"P490201252830","device_id":"4C126812","device_name":"g3mr-samson:TPU","device_mac":"80:6F:B0:7B:93:0E","scanned_at_ms":1744886905000,"scanned_at_utc":"2025-04-17T10:48:25Z","ttl":1745059706,"data_type":2,"payload":{"pedometer":[4570,5544,6834],"sender_id":"T4-744DBD2A40BC","t_mark_day":107,"t_mark_rnd":117},"created_at":1744886906776},{"id":"d739f50e-22d4-4f97-87b4-53c7537b186c","user_email":"f1c+84864183@careactive.ai","collector_id":"P490201252830","device_id":"4C126812","device_name":"g3mr-samson:TPU","device_mac":"80:6F:B0:7B:93:0E","scanned_at_ms":1744887268817,"scanned_at_utc":"2025-04-17T10:54:28Z","ttl":1745060070,"data_type":2,"payload":{"pedometer":[4592],"sender_id":"71B1657E-1881-47C6-B097-D0E044742C5B","t_mark_day":107,"t_mark_rnd":117},"created_at":1744887270476},{"id":"90cb3747-e5c0-4202-969c-5b324882175d","user_email":"f1c+84864183@careactive.ai","collector_id":"P490201252830","device_id":"4C126812","device_name":"g3mr-samson:TPU","device_mac":"80:6F:B0:7B:93:0E","scanned_at_ms":1744887887613,"scanned_at_utc":"2025-04-17T11:04:47Z","ttl":1745060688,"data_type":2,"payload":{"pedometer":[4618],"sender_id":"71B1657E-1881-47C6-B097-D0E044742C5B","t_mark_day":107,"t_mark_rnd":117},"created_at":1744887888734},{"id":"b035d170-a386-4e9d-b4ff-f367943b8e99","user_email":"f1c+84864183@careactive.ai","collector_id":"P490201252830","device_id":"4C126812","device_name":"g3mr-samson:TPU","device_mac":"80:6F:B0:7B:93:0E","scanned_at_ms":1744888507670,"scanned_at_utc":"2025-04-17T11:15:07Z","ttl":1745061309,"data_type":2,"payload":{"pedometer":[4654],"sender_id":"71B1657E-1881-47C6-B097-D0E044742C5B","t_mark_day":107,"t_mark_rnd":117},"created_at":1744888509339},{"id":"7413d62a-b62a-44fa-8a8a-40d3530a8ad8","user_email":"f1c+84864183@careactive.ai","collector_id":"P490201252830","device_id":"4C126812","device_name":"g3mr-samson:TPU","device_mac":"80:6F:B0:7B:93:0E","scanned_at_ms":1744888579000,"scanned_at_utc":"2025-04-17T11:16:19Z","ttl":1745061380,"data_type":2,"payload":{"pedometer":[4654,5544,6834],"sender_id":"T4-744DBD2A40BC","t_mark_day":107,"t_mark_rnd":117},"created_at":1744888580794},{"id":"4af45a09-d96d-4673-8b04-59b9e69250df","user_email":"f1c+84864183@careactive.ai","collector_id":"P490201252830","device_id":"4C126812","device_name":"g3mr-samson:TPU","device_mac":"80:6F:B0:7B:93:0E","scanned_at_ms":1744889732450,"scanned_at_utc":"2025-04-17T11:35:32Z","ttl":1745062535,"data_type":2,"payload":{"pedometer":[4756],"sender_id":"71B1657E-1881-47C6-B097-D0E044742C5B","t_mark_day":107,"t_mark_rnd":117},"created_at":1744889735203},{"id":"8807ac43-a7b1-4362-97f5-968b68feae7e","user_email":"f1c+84864183@careactive.ai","collector_id":"P490201252830","device_id":"4C126812","device_name":"g3mr-samson:TPU","device_mac":"80:6F:B0:7B:93:0E","scanned_at_ms":1744890252000,"scanned_at_utc":"2025-04-17T11:44:12Z","ttl":1745063053,"data_type":2,"payload":{"pedometer":[4774,5544,6834],"sender_id":"T4-744DBD2A4BE4","t_mark_day":107,"t_mark_rnd":117},"created_at":1744890253220},{"id":"2ece907f-e584-40b0-b9cc-070f630f9222","user_email":"f1c+84864183@careactive.ai","collector_id":"P490201252830","device_id":"4C126812","device_name":"g3mr-samson:TPU","device_mac":"80:6F:B0:7B:93:0E","scanned_at_ms":1744890355360,"scanned_at_utc":"2025-04-17T11:45:55Z","ttl":1745063157,"data_type":2,"payload":{"pedometer":[4774],"sender_id":"71B1657E-1881-47C6-B097-D0E044742C5B","t_mark_day":107,"t_mark_rnd":117},"created_at":1744890357578},{"id":"59d4dd3a-0db2-4118-a69b-fd166d4f150f","user_email":"f1c+84864183@careactive.ai","collector_id":"P490201252830","device_id":"4C126812","device_name":"g3mr-samson:TPU","device_mac":"80:6F:B0:7B:93:0E","scanned_at_ms":1744890964437,"scanned_at_utc":"2025-04-17T11:56:04Z","ttl":1745063766,"data_type":2,"payload":{"pedometer":[4791],"sender_id":"71B1657E-1881-47C6-B097-D0E044742C5B","t_mark_day":107,"t_mark_rnd":117},"created_at":1744890966722},{"id":"3d359e77-f8c4-41bb-8a29-303f0de1b109","user_email":"f1c+84864183@careactive.ai","collector_id":"P490201252830","device_id":"4C126812","device_name":"g3mr-samson:TPU","device_mac":"80:6F:B0:7B:93:0E","scanned_at_ms":1744891926000,"scanned_at_utc":"2025-04-17T12:12:06Z","ttl":1745064726,"data_type":2,"payload":{"pedometer":[4791,5544,6834],"sender_id":"T4-744DBD2A4C0C","t_mark_day":107,"t_mark_rnd":117},"created_at":1744891926856},{"id":"60d983d5-c52d-4f39-a9c4-959b19cd0698","user_email":"f1c+84864183@careactive.ai","collector_id":"P490201252830","device_id":"4C126812","device_name":"g3mr-samson:TPU","device_mac":"80:6F:B0:7B:93:0E","scanned_at_ms":1744892817798,"scanned_at_utc":"2025-04-17T12:26:57Z","ttl":1745065619,"data_type":2,"payload":{"pedometer":[4801],"sender_id":"71B1657E-1881-47C6-B097-D0E044742C5B","t_mark_day":107,"t_mark_rnd":117},"created_at":1744892819282},{"id":"5ca8a6ab-7f45-48de-bc36-238fbac913e3","user_email":"f1c+84864183@careactive.ai","collector_id":"P490201252830","device_id":"4C126812","device_name":"g3mr-samson:TPU","device_mac":"80:6F:B0:7B:93:0E","scanned_at_ms":1744893600000,"scanned_at_utc":"2025-04-17T12:40:00Z","ttl":1745066401,"data_type":2,"payload":{"pedometer":[4815,5544,6834],"sender_id":"T4-744DBD2A4BE4","t_mark_day":107,"t_mark_rnd":117},"created_at":1744893601127},{"id":"6e2e0c0f-b181-48ab-88e4-8d661b056fc2","user_email":"f1c+84864183@careactive.ai","collector_id":"P490201252830","device_id":"4C126812","device_name":"g3mr-samson:TPU","device_mac":"80:6F:B0:7B:93:0E","scanned_at_ms":1744894053946,"scanned_at_utc":"2025-04-17T12:47:33Z","ttl":1745066856,"data_type":2,"payload":{"pedometer":[4838],"sender_id":"71B1657E-1881-47C6-B097-D0E044742C5B","t_mark_day":107,"t_mark_rnd":117},"created_at":1744894056533},{"id":"66471ebf-eb53-445b-959c-03ae3df2919a","user_email":"f1c+84864183@careactive.ai","collector_id":"P490201252830","device_id":"4C126812","device_name":"g3mr-samson:TPU","device_mac":"80:6F:B0:7B:93:0E","scanned_at_ms":1744895276000,"scanned_at_utc":"2025-04-17T13:07:56Z","ttl":1745068077,"data_type":2,"payload":{"pedometer":[4855,5544,6834],"sender_id":"T4-744DBD2A4C20","t_mark_day":107,"t_mark_rnd":117},"created_at":1744895277425},{"id":"5f128048-8d7e-4ed4-809b-78b1bcdfcc89","user_email":"f1c+84864183@careactive.ai","collector_id":"P490201252830","device_id":"4C126812","device_name":"g3mr-samson:TPU","device_mac":"80:6F:B0:7B:93:0E","scanned_at_ms":1744895292924,"scanned_at_utc":"2025-04-17T13:08:12Z","ttl":1745068094,"data_type":2,"payload":{"pedometer":[4855],"sender_id":"71B1657E-1881-47C6-B097-D0E044742C5B","t_mark_day":107,"t_mark_rnd":117},"created_at":1744895294537},{"id":"fc61d14d-49e1-43e3-966e-129f3a31e1d6","user_email":"f1c+84864183@careactive.ai","collector_id":"P490201252830","device_id":"4C126812","device_name":"g3mr-samson:TPU","device_mac":"80:6F:B0:7B:93:0E","scanned_at_ms":1744896527327,"scanned_at_utc":"2025-04-17T13:28:47Z","ttl":1745069329,"data_type":2,"payload":{"pedometer":[4870],"sender_id":"71B1657E-1881-47C6-B097-D0E044742C5B","t_mark_day":107,"t_mark_rnd":117},"created_at":1744896529077},{"id":"b005a3a6-40f3-4253-b273-77c29ce89a3b","user_email":"f1c+84864183@careactive.ai","collector_id":"P490201252830","device_id":"4C126812","device_name":"g3mr-samson:TPU","device_mac":"80:6F:B0:7B:93:0E","scanned_at_ms":1744896947000,"scanned_at_utc":"2025-04-17T13:35:47Z","ttl":1745069749,"data_type":2,"payload":{"pedometer":[4870,5544,6834],"sender_id":"T4-744DBD2A4C34","t_mark_day":107,"t_mark_rnd":117},"created_at":1744896949248},{"id":"cafdd187-b7f8-46c8-bca4-23207e76af4e","user_email":"f1c+84864183@careactive.ai","collector_id":"P490201252830","device_id":"4C126812","device_name":"g3mr-samson:TPU","device_mac":"80:6F:B0:7B:93:0E","scanned_at_ms":1744905771778,"scanned_at_utc":"2025-04-17T16:02:51Z","ttl":1745078573,"data_type":2,"payload":{"pedometer":[0],"sender_id":"71B1657E-1881-47C6-B097-D0E044742C5B","t_mark_day":108,"t_mark_rnd":117},"created_at":1744905773064},{"id":"520b20a1-ac4a-47d7-aee9-6e550227fed2","user_email":"f1c+84864183@careactive.ai","collector_id":"P490201252830","device_id":"4C126812","device_name":"g3mr-samson:TPU","device_mac":"80:6F:B0:7B:93:0E","scanned_at_ms":1744906991000,"scanned_at_utc":"2025-04-17T16:23:11Z","ttl":1745079792,"data_type":2,"payload":{"pedometer":[169,4870,5544],"sender_id":"T4-744DBD2A40BC","t_mark_day":108,"t_mark_rnd":117},"created_at":1744906992454},{"id":"94be3268-b67f-4a0b-8f8d-5a8f88d55e73","user_email":"f1c+84864183@careactive.ai","collector_id":"P490201252830","device_id":"4C126812","device_name":"g3mr-samson:TPU","device_mac":"80:6F:B0:7B:93:0E","scanned_at_ms":1744908665000,"scanned_at_utc":"2025-04-17T16:51:05Z","ttl":1745081466,"data_type":2,"payload":{"pedometer":[220,4870,5544],"sender_id":"T4-744DBD2A4C00","t_mark_day":108,"t_mark_rnd":117},"created_at":1744908666539}]
