family_id,family_name,collection,device_mac,bind_time,last_activity_time,device_name,device_model,battery,data_type,total_records,active_counts,inactive_counts
F1C84864183,Samson Chen,,80:6F:B0:7B:10:AB,2025-03-11T12:27:10Z,2025-04-18T04:33:06Z,OREO,g3mr,72,pedo,53,,
F1C84864183,Samson Chen,,80:6F:B0:7B:76:93,2025-02-06T08:58:03Z,2025-04-18T04:33:31Z,PIR 2F Office,g3,100,motion,1085,,
F1C84864183,Samson Chen,,A4:34:F1:96:B2:31,2025-02-16T03:59:52Z,2025-04-18T01:06:23Z,g3tr-bed-b1-samson,g3mr,72,rtls,25998,86,25912
F1C84864183,Samson Chen,,80:6F:B0:7B:93:0E,2025-02-06T09:47:06Z,2025-04-18T04:00:41Z,g3mr-samson:TPU,g3mr,15,rtls,21787,7064,14723
F1C84864183,Samson Chen,,80:6F:B0:7B:10:AB,2025-03-11T12:27:10Z,2025-04-18T04:33:06Z,OREO,g3mr,72,rtls,16294,5671,10623
